[
    {
        "1": [
            {
                "downloadlink": "10.7"
            }
        ]
    },
    {
        "2": [
            {
                "downloadlink": "https:\/\/cdn.discordapp.com\/attachments\/1257393597196800101\/1258008910137393222\/Loader_protected.exe?ex=66905ed8&is=668f0d58&hm=e793cd480a37df5c0cd9372a69a7ff3a847e8d7f766cd72153a295927405e89e&"
            }
        ]
    },
    {
        "3": [
            {
                "downloadlink": "https:\/\/lethalxvision.com\/SKVIP\/aow_drv_ev.sys"
            }
        ]
    },
    {
        "4": [
            {
                "downloadlink": "injector->V2.7"
            }
        ]
    },
    {
        "5": [
            {
                "downloadlink": "https:\/\/cdn.discordapp.com\/attachments\/1257393597196800101\/1258311990741434400\/SK_VIP_Injector_protected.exe?ex=6690279c&is=668ed61c&hm=1c5174039daa326a3460e6b775d5b9c35d62a2e74851b85469180bfee20a562b&"
            }
        ]
    },
    {
        "6": [
            {
                "downloadlink": "https:\/\/cdn.discordapp.com\/attachments\/1257393597196800101\/1258005907334238228\/Constructor.dll?ex=66905c0c&is=668f0a8c&hm=696e1c92f4ad09dd4e9509c8b68f8503fa9d5f7f153e608b9f3125ac493aeab9&"
            }
        ]
    },
    {
        "7": [
            {
                "downloadlink": "1090554166"
            }
        ]
    },
    {
        "8": [
            {
                "downloadlink": "DLLCheck->V2.0"
            }
        ]
    },
    {
        "9": [
            {
                "downloadlink": "52977466"
            }
        ]
    },
    {
        "10": [
            {
                "downloadlink": "Bypas->V2.3"
            }
        ]
    },
    {
        "11": [
            {
                "downloadlink": "Brutal BP link niche hai"
            }
        ]
    },
    {
        "12": [
            {
                "downloadlink": "https:\/\/cdn.discordapp.com\/attachments\/1258090239998562384\/1258090696422723624\/libfreehax.so?ex=6690ab04&is=668f5984&hm=fea09b40b6e74bddd23d5057108e46c2b5045f6a3250787b646117d45dbaac51&"
            }
        ]
    },
    {
        "13": [
            {
                "downloadlink": "Normal version BP niche hai"
            }
        ]
    },
    {
        "14": [
            {
                "downloadlink": "https:\/\/cdn.discordapp.com\/attachments\/1258090239998562384\/1258092642265464993\/adb_-_Copy.exe?ex=6690acd4&is=668f5b54&hm=e88c13806de7be68c6b594074d484c71acc81c79a81ecd147ac11530d23454db&"
            }
        ]
    },
    {
        "15": [
            {
                "downloadlink": "VNG Version BP niche hai"
            }
        ]
    },
    {
        "16": [
            {
                "downloadlink": "https:\/\/cdn.discordapp.com\/attachments\/1258090239998562384\/1258106211459666020\/libfreehax.so?ex=668e1677&is=668cc4f7&hm=c12aceb92a11b0e0559e0a744f1a43e04884d3b7446c77971d26e1026bec52b7&"
            }
        ]
    }
]