{
  "1": [
    {
      "version": "v3.1.0",
      "title": "BGMI",
      "package": "com.pubg.imobile",
      "features": "(ESP, 120m bullet track, 6 hour fixer)",
      "status": "Normal",
      "statuscolor": "green"
    }
  ],
  "2": [
    {
      "version": "v3.2.0",
      "title": "PUBG Mobile GL",
      "package": "com.tencent.ig",
      "features": "(ESP, 120m bullet track)",
      "status": "Normal",
      "statuscolor": "green"
    }
  ],
  "3": [
    {
      "version": "v3.2.0",
      "title": "PUBG Mobile VNG",
      "package": "com.vng.pubgmobile",
      "features": "(ESP, 120m bullet track)",
      "status": "Normal",
      "statuscolor": "green"
    }
    ],
    "4": [
    {
      "version": "v3.1.0",
      "title": "PUBG Mobile KR",
      "package": "com.pubg.krmobile",
      "features": "(ESP, 120m bullet track)",
      "status": "Normal",
      "statuscolor": "green"
    }
  ],
  "5": [
    {
      "version": "v3.1.0",
      "title": "PUBG Mobile TW",
      "package": "com.rekoo.pubgm",
      "features": "(ESP, 120m bullet track)",
      "status": "Normal",
      "statuscolor": "green"
    }
  ]
}